,tags
0,anime
1,art
2,africa
3,america
4,asia
5,agriculture
6,architecture
7,advice
8,advertising
9,author
10,actor
11,advocacy
12,album
13,animal
14,astronomy
15,autumn
16,basketball
17,breakfast
18,baseball
19,budget
20,business
21,books
22,bike
23,beer
24,blogging
25,birds
26,biology
27,babies
28,baking
29,branding
30,beatles
31,ballet
32,cat
33,cars
34,cricket
35,community
36,college
37,caribbean
38,cheesecake
39,car
40,cinema
41,clothes
42,computer
43,culture
44,camping
45,career
46,cartoons
47,communication
48,dogs
49,dessert
50,drawing
51,dreams
52,dinner
53,diy
54,dad
55,dance
56,documentary
57,design
58,development
59,drums
60,dining
61,donation
62,dress
63,daughter
64,email
65,earth
66,europe
67,entrepreneurship
68,exercise
69,education
70,engineering
71,events
72,entertainment
73,economics
74,editorial
75,experience
76,energy
77,environment
78,electronics
79,emotions
80,food
81,football
82,flowers
83,friends
84,fall
85,fish
86,future
87,family
88,finance
89,furniture
90,fashion
91,facts
92,fitness
93,funny
94,fiction
95,festival
96,games
97,golf
98,gas
99,glasses
100,guitar
101,gratitude
102,gardening
103,geography
104,grammar
105,goals
106,grief
107,gadgets
108,gifts
109,graduation
110,grants
111,growth
112,home
113,history
114,hotel
115,heart
116,hair
117,health
118,hiking
119,hobbies
120,humanity
121,holiday
122,happiness
123,hardware
124,humor
125,humanities
126,healing
127,how-to
128,images
129,insurance
130,internet
131,industry
132,information
133,idea
134,innovation
135,inspiration
136,intelligence
137,ink
138,interview
139,investment
140,introduction
141,illustration
142,indie
143,imagination
144,jobs
145,jokes
146,jazz
147,jewelry
148,java
149,jeans
150,journey
151,justice
152,javascript
153,joy
154,journal
155,journalism
156,jogging
157,karaoke
158,keyboard
159,kids
160,kitchen
161,karma
162,kittens
163,key
164,knowledge
165,karate
166,kayaking
167,kind
168,knitting
169,knowledge-management
170,k-through-12
171,kindness
172,library
173,love
174,laptop
175,link
176,lion
177,language
178,life
179,landscape
180,live
181,logic
182,lyrics
183,lake
184,lifestyle
185,light
186,logo
187,leadership
188,movies
189,music
190,money
191,math
192,moon
193,magic
194,memories
195,mother
196,mountain
197,museum
198,marketing
199,meditation
200,marriage
201,media
202,motivation
203,management
204,new
205,nature
206,nostalgia
207,nutrition
208,night
209,nail-polish
210,novel
211,natural
212,network
213,newspaper
214,nanowrimo
215,newsletter
216,nightlife
217,nonprofit
218,non-fiction
219,notes
220,office
221,ocean
222,opportunity
223,opera
224,opinion
225,online
226,origami
227,organic
228,outreach
229,optimism
230,outdoors
231,original
232,organization
233,observations
234,open-source
235,online-writing
236,people
237,pizza
238,photos
239,photoshop
240,pictures
241,psychology
242,paint
243,piano
244,philosophy
245,play
246,pop
247,paper
248,parenting
249,plants
250,park
251,philanthropy
252,quizzes
253,quotes
254,quiet
255,question
256,quality
257,quantum-physics
258,queries
259,quilting
260,quitting
261,qualification
262,restaurants
263,recipes
264,reviews
265,radio
266,respect
267,random
268,reading
269,relationship
270,rock
271,running
272,recycling
273,research
274,resources
275,retro
276,road
277,rap
278,shoes
279,school
280,space
281,sun
282,science
283,shopping
284,songs
285,spring
286,snow
287,sports
288,style
289,summer
290,sleep
291,soul
292,success
293,security
294,time
295,tennis
296,tea
297,travel
298,tv
299,trees
300,toys
301,technology
302,theater
303,traffic
304,tools
305,tips
306,training
307,teacher
308,transportation
309,trends
310,unity
311,unicorn
312,urban
313,unique
314,umbrella
315,underwater
316,updates
317,utilities
318,university
319,underground
320,understanding
321,uniforms
322,user-computing
323,user-interface
324,videos
325,voice
326,vacation
327,vegetables
328,vintage
329,vision
330,viral
331,volunteer
332,visual-arts
333,value
334,video-games
335,weather
336,word
337,water
338,work
339,world
340,wordpress
341,watch
342,website
343,wine
344,weird
345,welcome
346,writing
347,words
348,wedding
349,winter
350,wellness
351,xml
352,xhtml
353,yoga
354,yogurt
355,yarn
356,young
357,yes
358,youth
359,years
360,yard-sale
361,yearning
362,young-adult-fiction
363,zoo
364,zebra
365,zodiac
366,zombie
367,zen
368,zeitgeist
369,zap
370,dailyprompt
371,reisen
372,fotografie
373,musik
374,leben
375,liebe
376,abendessen
377,abschlussfeier
378,afrika
379,album
380,amerika
381,anfragen
382,anime
383,anleitungen
384,ansehen
385,arbeit
386,architektur
387,asien
388,astronomie
389,auto
390,autor
391,autos
392,b%25c3%25bcro
393,b%25c3%25bccher
394,b%25c3%25a4ume
395,babys
396,backen
397,ballett
398,baseball
399,basketball
400,beatles
401,belletristik
402,beobachtungen
403,berg
404,beziehung
405,bibliothek
406,bier
407,bilder
408,bilder
409,bildung
410,bio
411,biologie
412,bloggen
413,blumen
414,branding
415,brille
416,budget
417,business
418,camping
419,cartoons
420,chancen
421,cheesecake
422,college
423,computer
424,cricket
425,dankbarkeit
426,design
427,dessert
428,diy
429,dokumentation
430,e-mail
431,ehe
432,einf%25c3%25bchrung
433,einheit
434,einhorn
435,einkaufen
436,einzigartig
437,elektronik
438,eltern
439,emotionen
440,energie
441,energieversorgung
442,entwicklung
443,erde
444,erfahrung
445,erfolg
446,erinnerungen
447,ern%25c3%25a4hrung
448,essen
449,europa
450,f%25c3%25bchrung
451,fahrrad
452,fakten
453,familie
454,fantasie
455,fernsehen
456,festival
457,filme
458,finanzen
459,fische
460,fitness
461,forschung
462,fotos
463,fr%25c3%25bchling
464,fr%25c3%25bchst%25c3%25bcck
465,frage
466,freude
467,freunde
468,freundlich
469,freundlichkeit
470,fu%25c3%259fball
471,gadgets
472,garn
473,g%25c3%25a4rtnern
474,gas
475,geisteswissenschaften
476,geld
477,gem%25c3%25bcse
478,gemeinschaft
479,geografie
480,gerechtigkeit
481,geschenke
482,geschichte
483,gesundheit
484,gitarre
485,gl%25c3%25bcck
486,golf
487,grammatik
488,haare
489,hardware
490,heilung
491,herbst
492,herbst
493,herz
494,hobbys
495,hochzeit
496,hotel
497,humor
498,hunde
499,idee
500,illustration
501,indie
502,industrie
503,informationen
504,ingenieurwesen
505,innovation
506,inspiration
507,intelligenz
508,interessensvertretung
509,internet
510,interview
511,investition
512,ja
513,jahre
514,java
515,javascript
516,jazz
517,jeans
518,jobs
519,joggen
520,joghurt
521,journalismus
522,jugend
523,jugendliteratur
524,jung
525,k%25c3%25bcche
526,k%25c3%25a4tzchen
527,kajakfahren
528,karaoke
529,karate
530,karibik
531,karma
532,karriere
533,katze
534,keyboard
535,kinder
536,kino
537,klavier
538,kleid
539,kleidung
540,kommunikation
541,kultur
542,kunst
543,l%25c3%25b6we
544,landschaft
545,landwirtschaft
546,laptop
547,laufen
548,leben
549,leben
550,lehrer
551,lesen
552,licht
553,liebe
554,lieder
555,liedtexte
556,lifestyle
557,link
558,logik
559,logo
560,lustig
561,m%25c3%25b6bel
562,magie
563,malen
564,management
565,marketing
566,mathematik
567,medien
568,meditation
569,meinung
570,menschen
571,menschheit
572,mode
573,mond
574,motivation
575,museum
576,musik
577,mutter
578,nacht
579,nachtleben
580,nagellack
581,nanowrimo
582,natur
583,nat%25c3%25bcrlich
584,netzwerk
585,neu
586,newsletter
587,non-profit
588,nostalgie
589,notizen
590,online
591,oper
592,optimismus
593,organisation
594,origami
595,original
596,outdoor
597,ozean
598,papier
599,park
600,pflanzen
601,philantropie
602,philosophie
603,photoshop
604,pizza
605,pop
606,privatflohmarkt
607,psychologie
608,qualifikation
609,qualit%25c3%25a4t
610,quantenphysik
611,quilts
612,quiz
613,radio
614,rap
615,ratgeber
616,recycling
617,redaktion
618,regenschirm
619,reichweite
620,reise
621,reisen
622,respekt
623,ressourcen
624,restaurants
625,retro
626,rezensionen
627,rezepte
628,rock
629,roman
630,ruhig
631,schr%25c3%25a4g
632,stipendien
633,sachliteratur
634,schauspieler
635,schl%25c3%25bcssel
636,schlaf
637,schlagzeug
638,schmuck
639,schnee
640,schreiben
641,schuhe
642,schule
643,see
644,seele
645,sehnsucht
646,sicherheit
647,sommer
648,sonne
649,spende
650,spiele
651,spielen
652,spielzeug
653,sport
654,sport
655,sprache
656,stil
657,stimme
658,stra%25c3%259fe
659,stricken
660,tagebuch
661,tanzen
662,tattoos
663,technologie
664,tee
665,tennis
666,theater
667,tier
668,tierkreiszeichen
669,tipps
670,tochter
671,tr%25c3%25a4ume
672,training
673,transport
674,trauer
675,trends
676,umwelt
677,underground
678,uniformen
679,universit%25c3%25a4t
680,unterhaltung
681,unternehmertum
682,updates
683,urban
684,urlaub
685,urlaub
686,verst%25c3%25a4ndnis
687,v%25c3%25b6gel
688,vater
689,veranstaltungen
690,verkehr
691,versicherung
692,videos
693,videospiele
694,vintage
695,viral
696,vision
697,wert
698,w%25c3%25b6rter
699,wachstum
700,wandern
701,wasser
702,website
703,wein
704,wellness
705,welt
706,weltraum
707,werbung
708,werkzeug
709,wetter
710,willkommen
711,winter
712,wirtschaft
713,wissen
714,wissenschaft
715,wissensmanagement
716,witze
717,word
718,wordpress
719,xhtml
720,xml
721,yoga
722,zuf%25c3%25a4llig
723,zappen
724,zebra
725,zeichnen
726,zeit
727,zeitgeist
728,zeitung
729,zen
730,ziele
731,zitate
732,zombie
733,zoo
734,zukunft
